Sno,Deaths
15001,392.9765273060273
15002,159.405
15003,318.39450000000005
15004,4963.765
15005,1227.335
15006,4130.645
15007,12841.895
15008,106.165
15009,17732.955
15010,4714.12
15011,454.87
15012,5857.17
15013,23193.075
15014,13170.005
15015,86.03
15016,12337.04
15017,97.235
15018,2110.495
15019,4341.15
15020,644.98
15021,12232.86
15022,15.2
15023,20664.13
15024,2364.5875
15025,9155.915
15026,7015.495
15027,2285.715325977163
15028,3353.3715582060527
15029,4659.920039682539
15030,6138.645
15031,6121.66
15032,177.53435714285712
15033,18.035
15034,7653.82
15035,79866.88
15036,546.3268676373813
15037,389.902587912088
15038,164.355
15039,332.52541666666673
15040,5525.845
15041,1253.27
15042,3474.22
15043,12878.714166666667
15044,108.15
15045,23319.9
15046,4716.105
15047,465.23
15048,5916.125
15049,23443.475
15050,13271.645
15051,86.71
15052,12920.095
15053,107.14
15054,2096.825
15055,4569.695
15056,642.975
15057,12362.45
15058,15.85
15059,20758.605
15060,2392.9575
15061,9240.565
15062,7076.46
15063,2306.0743815327187
15064,3506.3734700650275
15065,4671.757539682539
15066,6137.17
15067,6137.89
15068,180.19185680985683
15069,20.155
15070,7650.895
15071,79866.265
15072,538.3178491710466
15073,400.1613606393606
15074,169.485
15075,347.345
15076,5569.365
15077,1273.485
15078,3263.21
15079,12917.091666666667
15080,110.175
15081,23444.595
15082,4912.93
15083,473.78
15084,5995.895
15085,23315.405
15086,13276.25
15087,86.145
15088,13370.83
15089,111.245
15090,2129.16
15091,4778.555
15092,642.845
15093,12615.605
15094,16.525
15095,20847.055
15096,2538.3275
15097,9270.395
15098,7139.67
15099,2291.2866791517667
15100,3540.3291367316942
15101,4688.052539682539
15102,6154.345
15103,6121.66
15104,180.25935680985683
15105,21.575
15106,7645.68
15107,79837.72
15108,546.9292975837451
15109,397.9427337454212
15110,172.77
15111,363.41333333333336
15112,5656.65
15113,1284.005
15114,3322.89
15115,12990.08
15116,113.12
15117,23779.32
15118,5149.57
15119,492.765
15120,6054.98
15121,23423.81
15122,13779.15
15123,86.78
15124,14874.955
15125,117.995
15126,2264.875
15127,4823.355
15128,652.87
15129,12629.8
15130,16.525
15131,20999.075
15132,2570.28875
15133,9288.48
15134,7168.775
15135,2319.5628458184333
15136,3608.5147171922285
15137,4699.075039682539
15138,6117.47
15139,6108.685
15140,181.81530735930738
15141,23.665
15142,7639.83
15143,79866.265
15144,544.6938358734263
15145,416.89632409399155
15146,178.71
15147,367.48833333333334
15148,5655.33
15149,1293.14
15150,3250.68
15151,13021.75
15152,111.57
15153,23628.515
15154,5153.965
15155,498.87333333333333
15156,6096.815
15157,23439.96
15158,14100.915
15159,86.46
15160,16376.395
15161,124.04
15162,2569.81
15163,4865.16
15164,653.035
15165,12603.525
15166,16.915
15167,21000.54
15168,2603.33875
15169,9388.8
15170,7183.205
15171,2345.508964866052
15172,3683.4355326684185
15173,4701.670039682539
15174,6139.96
15175,6152.31
15176,183.7850119047619
15177,25.26
15178,7627.015
15179,80255.245
15180,533.0993120639024
15181,424.5292675463725
15182,180.065
15183,370.60833333333335
15184,5610.735
15185,1295.985
15186,3585.685
15187,13054.695
15188,113.53
15189,23778.215
15190,5331.82
15191,518.2969047619048
15192,6132.44
15193,23423.81
15194,14620.78
15195,86.17
15196,16788.905
15197,123.98
15198,2752.765
15199,5112.335
15200,647.41
15201,12642.54
15202,16.98
15203,21145.71
15204,2823.635
15205,9523.22
15206,7292.92
15207,2366.0533458184336
15208,3710.5214076684183
15209,4714.140039682539
15210,6108.685
15211,6121.66
15212,187.02825
15213,26.5
15214,7654.095
15215,79866.265
15216,553.9064958502958
15217,451.1085923626621
15218,184.325
15219,375.7303333333334
15220,5066.965
15221,1290.86
15222,3647.16
15223,13073.51
15224,139.095
15225,23993.215
15226,5372.11
15227,544.5969047619047
15228,6160.66
15229,23372.115
15230,14730.555
15231,86.995
15232,17269.995
15233,125.15
15234,3074.34
15235,5247.16
15236,653.485
15237,12676.89
15238,16.98
15239,21060.5
15240,2867.965
15241,9500.35
15242,7254.5
15243,2372.0350124851
15244,3744.3318660017517
15245,4706.546111111111
15246,6117.47
15247,6152.31
15248,190.01558333333335
15249,28.36
15250,7640.955
15251,79849.485
15252,549.7071208502957
15253,453.45113493279393
15254,184.9675
15255,390.52333333333337
15256,5660.28
15257,1299.975
15258,3831.045
15259,13079.955
15260,137.14
15261,25674.505
15262,5583.41
15263,584.4669047619047
15264,6197.46
15265,23749.61
15266,14969.45
15267,86.77
15268,17802.01
15269,132.6
15270,3459.195
15271,5270.225
15272,651.73
15273,12697.415
15274,16.98
15275,20553.765
15276,2878.555
15277,9523.105
15278,7249.44
15279,2393.460191056529
15280,3762.0047826684186
15281,4731.490039682539
15282,6154.345
15283,6117.47
15284,189.89637878787883
15285,30.525
15286,7633.11
15287,80130.32
15288,579.2454022461875
15289,455.0452645510836
15290,185.9525
15291,392.89833333333337
15292,5654.745
15293,1308.825
15294,4068.33
15295,13093.825
15296,137.815
15297,26399.475
15298,6044.78
15299,608.9802380952381
15300,6230.125
15301,23725.835
15302,15065.38
15303,86.77
15304,17863.235
15305,134.255
15306,3443.455
15307,5411.59
15308,656.51
15309,12954.58
15310,16.98
15311,20474.705
15312,2878.005
15313,9673.835
15314,7261.21
15315,2411.222274389862
15316,3799.8902826684184
15317,4723.807539682539
15318,6139.03
15319,6137.17
15320,189.0885833333333
15321,33.325
15322,7584.975
15323,79866.265
15324,594.9772452932342
15325,451.17132894736847
15326,195.1725
15327,401.54083333333335
15328,5791.825
15329,1316.345
15330,4483.135
15331,13110.98
15332,138.655
15333,28578.25
15334,6811.395
15335,619.8769047619047
15336,6262.51
15337,23725.835
15338,14743.555
15339,86.455
15340,18814.465
15341,140.865
15342,3731.77
15343,5533.47
15344,652.845
15345,12876.72
15346,16.965
15347,21002.865
15348,2902.225
15349,9674.49
15350,7255.21
15351,2409.868941056529
15352,3800.5455326684187
15353,4731.172539682539
15354,6139.085
15355,6154.345
15356,193.55183333333338
15357,37.175
15358,7784.28
15359,80255.245
15360,610.652275055139
15361,453.5944583333333
15362,194.4825
15363,400.78333333333336
15364,5835.43
15365,1319.665
15366,4870.095
15367,13129.525
15368,149.25
15369,28692.57
15370,7880.115
15371,633.5508333333332
15372,6306.28
15373,23589.265
15374,15251.58
15375,87.02
15376,18833.15
15377,146.43125
15378,3928.385
15379,5561.785
15380,658.87
15381,12940.5
15382,17.045
15383,21084.835
15384,2895.77
15385,9696.15
15386,7302.085
15387,2427.511107723195
15388,3858.4376457636563
15389,4725.801111111111
15390,6139.96
15391,6139.96
15392,193.36525
15393,37.135
15394,7790.705
15395,79929.72
15396,641.9012613625406
15397,458.3480000000001
15398,190.8525
15399,406.99083333333334
15400,5796.515
15401,1330.805
15402,5339.8
15403,13141.285
15404,151.36
15405,28790.965
15406,8289.64
15407,653.7639102564103
15408,6311.535
15409,23703.12
15410,14963.025
15411,86.77
15412,18845.195
15413,151.0382142857143
15414,4176.625
15415,5547.86
15416,656.02
15417,12877.485
15418,17.02
15419,21021.875
15420,2914.47
15421,10063.335
15422,7267.285
15423,2431.943822008909
15424,3938.653777777778
15425,4729.287539682539
15426,6107.625
15427,6108.685
15428,195.97900000000004
15429,38.28
15430,7795.47
15431,79849.485
15432,651.7457215898132
15433,467.5225000000001
15434,190.9025
15435,410.68208333333337
15436,5889.825
15437,1342.41
15438,6264.34
15439,13145.885
15440,151.32
15441,28783.325
15442,8387.37
15443,686.7446245421245
15444,6342.335
15445,23725.835
15446,15106.74
15447,87.1
15448,19054.625
15449,148.53488095238095
15450,4296.565
15451,5602.37
15452,654.56
15453,12881.175
15454,17.02
15455,21004.585
15456,2913.42
15457,10076.18
15458,7294.135
15459,2453.0284053422424
15460,3956.542944444444
15461,4742.9000396825395
15462,6139.96
15463,6151.38
15464,193.93525000000002
15465,38.715
15466,7700.735
15467,79866.88
15468,657.1463168279085
15469,507.8924242424242
15470,190.7725
15471,414.2633333333334
15472,5804.255
15473,1352.915
15474,6419.08
15475,13099.965
15476,152.85
15477,28841.575
15478,8388.375
15479,720.2814761904763
15480,6370.47
15481,23625.93
15482,15293.33
15483,86.67
15484,19106.295
15485,148.67988095238096
15486,4341.905
15487,5567.61
15488,654.295
15489,12944.575
15490,17.02
15491,21060.18
15492,2911.16
15493,10074.605
15494,7322.415
15495,2434.546238675576
15496,4037.682444444444
15497,4739.692539682539
15498,6139.96
15499,6139.085
15500,197.69350000000003
15501,40.735
15502,7797.145
15503,79866.265
15504,697.849174671454
15505,519.6996742424242
15506,190.9275
15507,422.9125
15508,5892.935
15509,1355.02
15510,8517.735
15511,13150.585
15512,153.18
15513,28820.405
15514,8392.705
15515,726.0251666666667
15516,6369.635
15517,23730.47
15518,15258.995
15519,86.925
15520,18910.825
15521,154.20988095238096
15522,4307.94
15523,5589.745
15524,656.655
15525,12891.935
15526,17.02
15527,20791.27
15528,2891.23
15529,10125.595
15530,7315.515
15531,2472.3197386755764
15532,4063.7648611111113
15533,4746.847539682539
15534,6121.66
15535,6139.085
15536,203.27683333333334
15537,41.495
15538,7694.865
15539,80060.69
15540,714.4508555353959
15541,519.9680075757576
15542,194.88
15543,428.0825
15544,5855.49
15545,1358.525
15546,8937.39
15547,13140.955
15548,150.13
15549,28757.6
15550,8396.075
15551,740.8985454545456
15552,6384.025
15553,23619.065
15554,15379.82
15555,87.35
15556,19003.99
15557,157.90921428571428
15558,4263.555
15559,5640.255
15560,652.415
15561,12912.26
15562,17.02
15563,20985.88
15564,2914.71
15565,10101.68
15566,7337.49
15567,2479.386881532719
15568,4123.854027777778
15569,4743.750039682539
15570,6107.625
15571,6138.645
15572,199.66233333333332
15573,42.275
15574,7780.47
15575,79866.88
15576,721.0585681818181
15577,542.7172045454545
15578,196.42
15579,422.73107142857145
15580,5953.745
15581,1366.445
15582,9017.815
15583,13149.825
15584,153.835
15585,28854.125
15586,8410.03
15587,749.3636526806528
15588,6382.17
15589,23714.005
15590,15445.93
15591,87.1
15592,19122.985
15593,161.75421428571428
15594,4333.275
15595,5632.785
15596,650.275
15597,12897.345
15598,17.02
15599,20982.75
15600,2918.035
15601,10124.575
15602,7328.98
15603,2487.461881532719
15604,4143.622527777778
15605,4748.890039682539
15606,6107.625
15607,6137.17
15608,203.70175000000003
15609,44.725
15610,7744.39
15611,80229.805
15612,729.9161515151515
15613,555.5140974025974
15614,215.0
15615,414.29857142857145
15616,5934.805
15617,1370.89
15618,9003.39
15619,13149.02
15620,152.285
15621,28861.95
15622,8425.45
15623,761.3897776806527
15624,6397.34
15625,23635.11
15626,15544.82
15627,19005.865
15628,87.25
15629,163.7369642857143
15630,4392.215
15631,5705.675
15632,655.61
15633,12898.655
15634,17.115
15635,20588.55
15636,2919.02
15637,10158.16
15638,7345.445
15639,2503.7999118357493
15640,4176.339027777778
15641,4746.142539682539
15642,6108.685
15643,6121.66
15644,45.655
15645,211.89216666666667
15646,7696.92
15647,79837.72
15648,734.1779254079255
15649,562.0849608585859
15650,219.855
15651,417.67780219780224
15652,6011.265
15653,1374.865
15654,9015.03
15655,13150.515
15656,160.95
15657,28904.525
15658,8432.855
15659,776.2353472222222
15660,6397.995
15661,23605.6
15662,15135.56
15663,18977.765
15664,86.955
15665,165.87096428571428
15666,4406.85
15667,5751.0
15668,650.69
15669,12910.275
15670,17.09
15671,21064.72
15672,2936.775
15673,10114.75
15674,7328.98
15675,2502.476911835749
15676,4212.132361111111
15677,4749.201111111111
15678,6139.96
15679,6139.96
15680,44.715
15681,207.17891666666665
15682,7705.66
15683,80001.64
15684,740.913125
15685,558.884621878122
15686,227.855
15687,415.91280219780225
15688,5952.46
15689,1380.58
15690,9016.82
15691,13152.85
15692,163.28285714285713
15693,28877.09
15694,8444.405
15695,793.7351767676768
15696,6383.54
15697,23644.56
15698,16018.63
15699,86.835
15700,19182.645
15701,165.78133928571427
15702,4407.76
15703,5712.175
15704,655.82
15705,12957.785
15706,17.02
15707,20984.47
15708,2959.965
15709,10159.325
15710,7324.63
15711,2506.099911835749
15712,4229.642361111111
15713,4742.422539682539
15714,6139.03
15715,6121.66
15716,206.01091666666667
15717,44.49
15718,7748.43
15719,79929.72
15720,764.1552272727273
15721,566.2238361638362
15722,228.125
15723,408.1898855311356
15724,5461.84
15725,1377.5
15726,9024.665
15727,13186.29
15728,160.15285714285713
15729,28775.105
15730,8468.505
15731,808.0732222222223
15732,6402.94
15733,23733.815
15734,15573.19
15735,87.23
15736,18995.695
15737,167.45133928571428
15738,4455.64
15739,5780.96
15740,655.27
15741,13102.18
15742,17.02
15743,20829.2
15744,2972.035
15745,10162.28
15746,7392.445
15747,2475.168578502416
15748,4243.1906944444445
15749,4752.642539682539
15750,6137.17
15751,6108.685
15752,219.17216666666667
15753,45.6
15754,7787.46
15755,80001.64
15756,774.4032727272727
15757,566.6902018537019
15758,227.445
15759,410.48425457875464
15760,6040.85
15761,1382.04
15762,9005.69
15763,13139.83
15764,171.67083333333332
15765,28891.31
15766,8482.625
15767,816.3982222222222
15768,6417.975
15769,23625.62
15770,16105.95
15771,87.5
15772,18997.205
15773,167.6725
15774,4337.765
15775,5780.9
15776,658.95
15777,13152.83
15778,17.02
15779,20770.305
15780,2980.2
15781,10295.56
15782,7348.805
15783,2498.698911835749
15784,4252.1506944444445
15785,4751.762539682539
15786,6117.47
15787,6108.685
15788,214.29716666666667
15789,45.79
15790,7743.29
15791,79866.265
15792,797.936
15793,583.6255218278453
15794,232.375
15795,414.640087912088
15796,5979.29
15797,1395.485
15798,9031.655
15799,13189.875
15800,173.37
15801,28889.995
15802,8521.885
15803,833.9672222222222
15804,6412.67
15805,23734.165
15806,16341.24
15807,86.835
15808,19078.185
15809,170.1415
15810,4477.315
15811,5780.9
15812,652.94
15813,13117.15
15814,17.04
15815,20828.69
15816,2990.03
15817,10253.27
15818,7393.685
15819,2534.8945785024157
15820,4287.944484126984
15821,4752.860039682539
15822,6121.66
15823,6138.645
15824,208.15591666666668
15825,50.37
15826,7758.165
15827,79869.015
15828,820.2385
15829,583.2976098226758
15830,236.505
15831,405.36925457875464
15832,6071.035
15833,1399.03
15834,9034.73
15835,13176.64
15836,187.65875
15837,28898.58
15838,8586.485
15839,870.3935
15840,6405.545
15841,23719.81
15842,16404.1
15843,87.25
15844,19140.705
15845,172.27900000000002
15846,4442.805
15847,5819.06
15848,654.585
15849,13152.89
15850,17.04
15851,20618.78
15852,2991.995
15853,10252.95
15854,7395.195
15855,2522.919578502416
15856,4326.094484126984
15857,4749.586111111111
15858,6142.485
15859,6139.96
15860,210.61788095238097
15861,51.265
15862,7758.165
15863,79866.265
15864,828.4135000000001
15865,586.6546617707277
15866,241.15
15867,408.0923606393607
15868,5997.175
15869,1398.135
15870,9037.825
15871,13198.85
15872,193.35541666666668
15873,28914.78
15874,8624.07
15875,884.0535000000001
15876,6448.38
15877,23713.245
15878,16604.49
15879,87.74
15880,19081.795
15881,165.8615
15882,4503.995
15883,5830.64
15884,654.195
15885,13099.695
15886,17.04
15887,20851.375
15888,3002.295
15889,10416.31
15890,7431.025
15891,2529.1045785024157
15892,4339.239484126984
15893,4752.827539682539
15894,6108.685
15895,6137.17
15896,215.55988095238095
15897,51.29
15898,7659.255
15899,79866.88
15900,834.3685
15901,589.6882658377134
15902,247.245
15903,403.0111106393607
15904,6106.965
15905,1399.245
15906,9043.885
15907,13205.465
15908,198.3895
15909,28916.01
15910,8642.65
15911,895.5185
15912,6448.38
15913,23734.165
15914,16615.77
15915,87.475
15916,19432.555
15917,171.045
15918,4448.06
15919,5800.4
15920,656.36
15921,13135.645
15922,17.04
15923,20610.325
15924,2993.22
15925,10383.075
15926,7455.8
15927,2528.7695785024157
15928,4359.936984126984
15929,4763.530039682539
15930,6139.96
15931,6121.66
15932,213.33463095238093
15933,59.205
15934,7745.745
15935,79866.265
15936,841.8985
15937,585.1741586948563
15938,248.63
15939,402.1473606393607
15940,6107.4
15941,1404.93
15942,9053.75
15943,13205.465
15944,207.8775
15945,28847.26
15946,8652.765
15947,896.3585
15948,6430.36
15949,23734.165
15950,16509.62
15951,87.475
15952,19256.525
15953,176.84166666666664
15954,4433.455
15955,5828.79
15956,658.15
15957,13152.47
15958,17.04
15959,20849.75
15960,2976.525
15961,10393.54
15962,7436.055
15963,2529.1045785024157
15964,4361.906984126984
15965,4761.3150396825395
15966,6155.69
15967,6139.96
15968,213.25163095238094
15969,64.185
15970,7785.34
15971,79866.88
15972,840.1633333333334
15973,596.2909080322631
15974,250.62
15975,399.4436106393607
15976,6107.4
15977,1404.945
15978,9056.34
15979,13187.91
15980,201.99916666666667
15981,28967.725
15982,8673.084579365079
15983,903.5635000000001
15984,6434.535
15985,23670.205
15986,16409.705
15987,87.44
15988,19252.795
15989,174.84666666666664
15990,4438.31
15991,5781.3
15992,656.3
15993,13099.875
15994,17.04
15995,20434.735
15996,3003.495
15997,10419.98
15998,7391.205
15999,2555.6899118357487
16000,4361.984484126984
16001,4759.637539682539
16002,6121.66
16003,6139.03
16004,216.10763095238096
16005,65.615
16006,7736.99
16007,80255.245
16008,836.805
16009,595.3896692067595
16010,253.385
16011,400.5465273060274
16012,6094.26
16013,1407.98
16014,9059.77
16015,13198.01
16016,207.18916666666667
16017,28967.03
16018,8679.635333333332
16019,906.9133333333334
16020,6450.195
16021,23622.515
16022,16478.665
16023,87.25
16024,19354.76
16025,171.32166666666663
16026,4451.37
16027,5833.36
16028,653.02
16029,13106.155
16030,17.055
16031,20828.69
16032,3004.325
16033,10421.92
16034,7409.29
16035,2544.832911835749
16036,4366.606984126984
16037,4760.702539682539
16038,6121.66
16039,6139.96
16040,214.005380952381
16041,67.785
16042,7745.745
16043,80001.64
16044,840.605
16045,592.1871692067596
16046,253.405
16047,405.55402730602736
16048,6107.4
16049,1414.975
16050,9060.215
16051,13184.775
16052,208.3295
16053,28890.09
16054,8685.69461904762
16055,912.17
16056,6450.195
16057,23757.94
16058,16685.77
16059,87.505
16060,19349.54
16061,177.98166666666665
16062,4500.785
16063,5797.52
16064,656.58
16065,13099.875
16066,17.225
16067,20579.925
16068,3001.68
16069,10455.54
16070,7411.06
16071,2533.4145785024157
16072,4379.0186507936505
16073,4766.477539682539
16074,6117.47
16075,6112.775
16076,212.72663095238096
16077,69.73
16078,7785.76
16079,79937.765
16080,844.2725
16081,598.1032573881013
16082,260.51
16083,404.6633571428572
16084,6106.965
16085,1418.74
16086,9029.91
16087,13192.4
16088,210.95583333333332
16089,28939.72
16090,8704.187119047618
16091,913.45
16092,6464.58
16093,23723.455
16094,16724.46
16095,87.28
16096,19349.54
16097,173.13166666666663
16098,4587.24
16099,5845.545
16100,658.305
16101,13183.965
16102,17.055
16103,20579.925
16104,3002.545
16105,10421.985
16106,7411.06
16107,2556.257911835749
16108,4378.38865079365
16109,4784.185039682539
16110,6108.685
16111,6108.685
16112,214.46963095238095
16113,71.465
16114,7747.58
16115,79866.265
16116,846.4275
16117,593.364829183629
16118,266.49
16119,400.64152730602734
16120,6107.4
16121,1418.59
16122,9036.385
16123,13205.465
16124,212.365
16125,28945.18
16126,8707.755333333333
16127,919.2975
16128,6486.995
16129,23699.71
16130,16658.125
16131,87.565
16132,19401.37
16133,177.87166666666664
16134,4585.05
16135,5807.53
16136,649.915
16137,13109.965
16138,17.225
16139,20901.9
16140,3002.345
16141,10436.125
16142,7391.205
16143,2529.1545785024155
16144,4377.44115079365
16145,4769.412539682539
16146,6121.66
16147,6108.685
16148,213.43163095238094
16149,72.36
16150,7783.655
16151,79866.265
16152,852.93
16153,596.0804541836291
16154,270.7578571428571
16155,398.29861063936073
16156,6106.965
16157,1410.435
16158,9040.155
16159,13187.91
16160,212.175
16161,28945.18
16162,8711.782083333332
16163,918.1575
16164,6484.965
16165,23734.165
16166,16688.6
16167,87.37
16168,19394.89
16169,177.47166666666664
16170,4556.99
16171,5840.815
16172,656.58
16173,13113.33
16174,17.055
16175,20828.69
16176,3016.435
16177,10442.95
16178,7476.745
16179,2562.884911835749
16180,4379.028650793651
16181,4773.612539682539
16182,6139.96
16183,6137.17
16184,213.99038095238097
16185,72.47
16186,7738.82
16187,80255.245
16188,857.89
16189,605.3306502620604
16190,268.23285714285714
16191,397.2215273060273
16192,6106.965
16193,1413.315
16194,9072.365
16195,13192.935
16196,217.78099999999998
16197,28942.92
16198,8711.98125
16199,922.8225
16200,6483.73
16201,23753.39
16202,16684.4
16203,87.865
16204,19468.71
16205,178.51666666666665
16206,4477.65
16207,5860.18
16208,657.02
16209,13110.845
16210,17.055
16211,20883.385
16212,3019.19
16213,10450.375
16214,7408.32
16215,2542.8445785024155
16216,4383.16365079365
16217,4766.291111111111
16218,6117.47
16219,6139.085
16220,214.621880952381
16221,72.78
16222,7743.345
16223,79897.485
16224,871.83
16225,615.4274352374707
16226,277.53785714285715
16227,398.6065273060274
16228,6106.965
16229,1413.83
16230,9078.74
16231,13199.305
16232,218.668
16233,28967.97
16234,8714.40375
16235,929.9
16236,6484.34
16237,23734.165
16238,16633.445
16239,87.315
16240,19437.5
16241,180.08666666666664
16242,4458.99
16243,5807.47
16244,653.095
16245,13143.37
16246,17.23
16247,20434.735
16248,3018.875
16249,10445.39
16250,7408.32
16251,2574.297911835749
16252,4398.055317460317
16253,4772.247539682539
16254,6139.96
16255,6137.485
16256,213.87663095238094
16257,73.07
16258,7773.07
16259,79849.485
16260,873.295
16261,614.3104907930262
16262,314.8925
16263,400.75258791208796
16264,6040.17
16265,1421.275
16266,9089.245
16267,13195.04
16268,219.263
16269,28849.95
16270,8718.12375
16271,933.79
16272,6486.995
16273,23723.455
16274,16681.54
16275,87.195
16276,19568.69
16277,180.30666666666664
16278,4541.03
16279,5807.95
16280,658.845
16281,13183.965
16282,17.245
16283,20355.75
16284,3018.875
16285,10512.185
16286,7402.435
16287,2548.754578502416
16288,4398.783888888889
16289,4776.6483730158725
16290,6121.66
16291,6117.47
16292,220.78216666666668
16293,73.115
16294,7659.255
16295,79897.485
16296,855.64
16297,615.3392889440278
16298,318.3045
16299,400.20777730602737
16300,5592.2
16301,1417.64
16302,9043.975
16303,13211.96
16304,219.065
16305,28850.76
16306,8719.83875
16307,941.915
16308,6474.045
16309,23637.005
16310,16710.78
16311,87.565
16312,19437.5
16313,191.72
16314,4500.86
16315,5830.69
16316,653.18
16317,13111.055
16318,17.245
16319,20276.0
16320,3018.875
16321,10510.975
16322,7391.205
16323,2578.2096944444447
16324,4394.2703174603175
16325,4773.725039682539
16326,6137.17
16327,6112.775
16328,217.4445476190476
16329,72.93
16330,7785.825
16331,79849.485
16332,902.535
16333,623.7437036265675
16334,336.1125
16335,400.16527730602735
16336,5997.175
16337,1417.195
16338,9098.415
16339,13198.3
16340,223.53266666666667
16341,28860.65
16342,8723.06875
16343,946.222
16344,6474.425
16345,23723.455
16346,16578.63
16347,87.73
16348,19521.32
16349,218.625
16350,4518.375
16351,5829.51
16352,654.27
16353,13143.58
16354,17.23
16355,20833.48
16356,3031.975
16357,10490.555
16358,7391.205
16359,2560.0493611111115
16360,4400.990317460317
16361,4759.512539682539
16362,6137.17
16363,6112.775
16364,217.702380952381
16365,72.835
16366,7696.74
16367,80060.69
16368,944.8
16369,653.6463786965955
16370,334.7125
16371,405.23669047619046
16372,6046.8
16373,1417.64
16374,9109.605
16375,13201.39
16376,224.968
16377,28944.84
16378,8678.685
16379,961.93
16380,6467.82
16381,23719.81
16382,16699.1
16383,87.35
16384,19516.54
16385,260.72
16386,4296.14
16387,5873.905
16388,651.07
16389,13111.055
16390,17.23
16391,20830.665
16392,3039.01
16393,10500.895
16394,7391.205
16395,2557.7093611111113
16396,4403.442817460317
16397,4833.310039682539
16398,6139.96
16399,6112.775
16400,219.0645476190476
16401,73.515
16402,7793.45
16403,79837.72
16404,949.34
16405,651.1867916655708
16406,351.925
16407,402.181193972694
16408,6104.86
16409,1417.05
16410,9110.295
16411,13204.64
16412,225.608
16413,28944.84
16414,8728.265
16415,958.47
16416,6481.095
16417,23723.455
16418,16531.07
16419,87.375
16420,19687.98
16421,295.375
16422,4181.94
16423,5891.745
16424,658.905
16425,13163.38
16426,17.23
16427,20254.84
16428,3038.965
16429,10526.385
16430,7393.555
16431,2558.4843611111114
16432,4404.365317460317
16433,4829.147539682539
16434,6121.66
16435,6151.38
16436,220.75913095238096
16437,73.4
16438,7703.245
16439,79866.265
16440,941.755
16441,671.9264463213726
16442,358.5563333333334
16443,405.22869397269403
16444,6111.74
16445,1424.095
16446,9124.69
16447,13217.705
16448,225.51966666666667
16449,28961.44
16450,8733.84
16451,955.46
16452,6503.15
16453,23619.545
16454,16629.865
16455,87.565
16456,19687.98
16457,297.31
16458,3956.74
16459,5857.285
16460,658.905
16461,13143.58
16462,17.23
16463,20806.765
16464,3029.215
16465,10482.025
16466,7476.745
16467,2583.9926944444446
16468,4411.682817460317
16469,4829.242539682539
16470,6139.96
16471,6108.685
16472,219.6995476190476
16473,75.42
16474,7781.18
16475,80229.805
16476,945.355
16477,673.5824463213727
16478,360.9963333333334
16479,412.20575457875464
16480,5999.775
16481,1421.985
16482,9135.27
16483,13204.64
16484,230.91966666666667
16485,28952.355
16486,8731.84
16487,991.56
16488,6502.835
16489,23733.815
16490,16641.395
16491,87.835
16492,19496.24
16493,301.905
16494,3888.88
16495,5959.365
16496,656.345
16497,13110.175
16498,17.23
16499,20333.57
16500,3030.565
16501,10512.185
16502,7436.055
16503,2589.6626944444447
16504,4417.442817460317
16505,4824.636111111111
16506,6139.96
16507,6139.96
16508,219.737380952381
16509,75.85
16510,7738.98
16511,79937.765
16512,952.465
16513,681.825779654706
16514,363.83833333333337
16515,403.73700457875464
16516,6088.45
16517,1421.985
16518,9140.675
16519,13210.14
16520,230.0666666666667
16521,29007.275
16522,8733.83
16523,1009.4
16524,6504.07
16525,23622.515
16526,16357.735
16527,87.865
16528,19477.54
16529,320.28
16530,3727.115
16531,5997.34
16532,659.435
16533,13111.055
16534,17.23
16535,20855.73
16536,3028.585
16537,10545.125
16538,7411.06
16539,2564.2543611111114
16540,4401.7703174603175
16541,4828.620039682539
16542,6121.66
16543,6121.66
16544,229.59488095238095
16545,75.95
16546,7738.98
16547,80094.355
16548,955.62
16549,676.3213168279086
16550,372.64833333333337
16551,401.91761063936065
16552,6220.55
16553,1423.925
16554,9143.26
16555,13207.38
16556,232.77466666666666
16557,28870.515
16558,8692.135
16559,1044.955
16560,6488.27
16561,23734.165
16562,16492.645
16563,87.865
16564,19667.62
16565,322.225
16566,3466.125
16567,5946.26
16568,656.73
16569,13117.335
16570,17.23
16571,20833.48
16572,3038.66
16573,10534.23
16574,7436.055
16575,2558.119361111111
16576,4401.7703174603175
16577,4824.636111111111
16578,6108.685
16579,6121.66
16580,230.3895476190476
16581,75.87
16582,7756.99
16583,79849.485
16584,963.56
16585,693.0597796547061
16586,390.22833333333335
16587,402.43261063936063
16588,5637.06
16589,1439.125
16590,9146.725
16591,13199.815
16592,236.78166666666667
16593,28968.95
16594,8739.03
16595,1063.895
16596,6490.22
16597,23734.165
16598,16595.18
16599,87.835
16600,19623.63
16601,333.975
16602,3478.265
16603,5957.2
16604,649.97
16605,13111.055
16606,17.245
16607,20806.765
16608,3032.53
16609,10501.785
16610,7436.055
16611,2594.8276944444447
16612,4405.830317460317
16613,4824.636111111111
16614,6151.38
16615,6139.03
16616,229.46454761904758
16617,75.97
16618,7707.225
16619,79900.19
16620,964.805
16621,710.9898939174856
16622,395.5083333333334
16623,404.84367124542126
16624,6241.465
16625,1430.895
16626,9167.225
16627,13210.625
16628,236.108
16629,28959.39
16630,8749.77
16631,1063.2
16632,6494.79
16633,23723.455
16634,16455.87
16635,87.375
16636,19561.485
16637,336.89
16638,3438.79
16639,5966.495
16640,649.97
16641,13184.175
16642,17.245
16643,20805.045
16644,3035.55
16645,10507.99
16646,7436.055
16647,2585.734694444445
16648,4406.030317460317
16649,4828.620039682539
16650,6107.625
16651,6154.345
16652,234.20788095238095
16653,77.015
16654,7783.31
16655,80255.245
16656,975.925
16657,716.2915605841523
16658,401.8908333333334
16659,400.770943972694
16660,6191.105
16661,1430.52
16662,9175.4
16663,13194.005
16664,236.69966666666667
16665,28942.27
16666,8748.125
16667,1065.985
16668,6488.27
16669,23671.76
16670,16704.86
16671,87.835
16672,19606.5
16673,334.395
16674,3441.14
16675,5977.905
16676,649.97
16677,13121.68
16678,17.245
16679,20806.765
16680,3035.985
16681,10509.79
16682,7403.135
16683,2562.6293611111114
16684,4417.445317460317
16685,4836.387539682539
16686,6121.66
16687,6139.03
16688,229.86954761904758
16689,76.81
16690,7794.9
16691,79866.265
16692,976.91
16693,726.690797537838
16694,402.67333333333335
16695,407.02700457875466
16696,6241.465
16697,1429.155
16698,9145.02
16699,13210.345
16700,236.27466666666666
16701,28995.895
16702,8745.095
16703,1071.185
16704,6504.365
16705,23645.6
16706,16793.39
16707,87.375
16708,19599.91
16709,337.355
16710,3385.87
16711,5968.62
16712,651.17
16713,13132.185
16714,17.23
16715,20333.57
16716,3042.535
16717,10497.69
16718,7436.055
16719,2596.5776944444447
16720,4410.727817460317
16721,4832.070039682539
16722,6137.17
16723,6121.66
16724,240.47716666666668
16725,77.15
16726,7673.875
16727,79849.485
16728,984.275
16729,734.5904418449197
16730,413.55333333333334
16731,404.8642773060273
16732,6241.03
16733,1430.495
16734,9173.605
16735,13205.915
16736,240.20591666666667
16737,28970.41
16738,8753.175
16739,1080.14
16740,6504.07
16741,23780.37
16742,16858.34
16743,87.835
16744,19598.4
16745,335.54
16746,3483.795
16747,5968.985
16748,653.12
16749,13134.475
16750,17.245
16751,20797.565
16752,3031.965
16753,10526.475
16754,7405.485
16755,2606.0765833333335
16756,4408.257817460317
16757,4831.717539682539
16758,6139.03
16759,6108.685
16760,240.47716666666668
16761,77.425
16762,7794.9
16763,79900.19
16764,1012.395
16765,740.4440681818181
16766,418.91333333333336
16767,399.1720898060273
16768,6229.795
16769,1432.825
16770,9169.465
16771,13205.915
16772,242.77716666666666
16773,28970.7
16774,8757.31
16775,1084.3
16776,6497.635
16777,23644.56
16778,16639.815
16779,87.565
16780,19592.635
16781,337.5
16782,3416.59
16783,5958.26
16784,658.44
16785,13117.465
16786,17.245
16787,20836.635
16788,3032.7
16789,10515.835
16790,7408.32
16791,2573.0415833333336
16792,4441.135317460317
16793,4822.117539682539
16794,6121.66
16795,6121.66
16796,232.3495476190476
16797,77.545
16798,7795.33
16799,79937.765
16800,1000.13
16801,747.7994015151515
16802,428.2610714285714
16803,404.8156504120879
16804,6335.86
16805,1434.675
16806,9171.775
16807,13205.915
16808,246.16141666666667
16809,28970.7
16810,8759.27
16811,1090.14
16812,6490.925
16813,23671.76
16814,16776.865
16815,87.585
16816,19701.255
16817,339.65
16818,3413.325
16819,5997.685
16820,653.12
16821,13110.305
16822,17.255
16823,20797.565
16824,3038.02
16825,10518.11
16826,7476.745
16827,2600.4065833333334
16828,4445.305317460317
16829,4833.310039682539
16830,6139.96
16831,6121.66
16832,233.88163095238096
16833,77.53
16834,7707.225
16835,79897.485
16836,1008.42
16837,747.9994393939394
16838,418.9535714285714
16839,405.3389837454212
16840,6229.36
16841,1433.27
16842,9172.97
16843,13200.15
16844,247.70516666666666
16845,28959.18
16846,8771.895
16847,1088.53
16848,6489.6
16849,23733.515
16850,16866.76
16851,87.195
16852,20029.065
16853,340.245
16854,3446.55
16855,5957.83
16856,659.285
16857,13117.465
16858,17.23
16859,20885.63
16860,3046.01
16861,10545.125
16862,7409.29
16863,2606.0765833333335
16864,4464.470317460317
16865,4828.4400396825395
16866,6108.685
16867,6108.685
16868,231.99738095238095
16869,77.53
16870,7191.76
16871,80255.245
16872,1019.995
16873,751.5109254079254
16874,408.7623855311356
16875,405.03231707875455
16876,6229.795
16877,1443.0
16878,9175.97
16879,13208.535
16880,252.68766666666667
16881,28914.09
16882,8777.74
16883,1094.17
16884,6494.66
16885,23719.81
16886,16860.605
16887,87.42
16888,19792.725
16889,335.36
16890,3402.695
16891,5997.105
16892,653.205
16893,13123.525
16894,17.23
16895,20253.82
16896,3045.79
16897,10546.145
16898,7408.32
16899,2596.358583333333
16900,4459.860317460317
16901,4832.070039682539
16902,6137.485
16903,6117.47
16904,231.79738095238096
16905,77.61
16906,7754.59
16907,79839.54
16908,1031.935
16909,754.7920504079254
16910,405.3892545787546
16911,408.81725297619045
16912,6170.91
16913,1433.27
16914,9122.86
16915,13207.48
16916,253.63391666666666
16917,28986.675
16918,8777.165
16919,1101.88
16920,6496.07
16921,23757.94
16922,16838.335
16923,87.565
16924,19855.39
16925,337.135
16926,3416.395
16927,5980.26
16928,649.985
16929,13130.975
16930,17.245
16931,20805.045
16932,3045.79
16933,10514.195
16934,7411.06
16935,2574.4765833333336
16936,4464.230317460318
16937,4826.237539682539
16938,6108.685
16939,6121.66
16940,232.2595476190476
16941,77.6
16942,7784.105
16943,79866.265
16944,1032.695
16945,760.7076199494949
16946,402.21652730602733
16947,404.9314837454212
16948,6181.415
16949,1444.495
16950,9168.095
16951,13203.06
16952,274.9195714285714
16953,28985.27
16954,8783.56
16955,1104.35
16956,6494.89
16957,23738.8
16958,16917.33
16959,87.585
16960,19978.235
16961,338.43
16962,3423.18
16963,5966.51
16964,653.635
16965,13134.03
16966,17.23
16967,20887.66
16968,3050.375
16969,10573.835
16970,7395.195
16971,2597.5385833333335
16972,4460.630317460317
16973,4831.717539682539
16974,6139.085
16975,6108.685
16976,234.24788095238094
16977,77.6
16978,7673.875
16979,80128.805
16980,1047.45
16981,773.7199494949496
16982,401.1336106393607
16983,408.78773374542124
16984,6220.72
16985,1435.18
16986,9171.945
16987,13208.535
16988,271.34373809523805
16989,28984.705
16990,8756.63
16991,1109.78
16992,6502.835
16993,23598.715
16994,16642.315
16995,87.565
16996,19828.81
16997,338.95
16998,3495.9
16999,5980.26
17000,656.73
17001,13196.965
17002,17.23
17003,20596.6
17004,3048.345
17005,10580.04
17006,7409.29
17007,2598.7615833333334
17008,4470.065317460318
17009,4829.335039682539
17010,6139.03
17011,6155.69
17012,243.13716666666667
17013,77.49
17014,7797.005
17015,79866.265
17016,1051.875
17017,782.5024494949496
17018,399.64152730602734
17019,407.3476106393606
17020,6098.275
17021,1437.545
17022,9166.105
17023,13220.54
17024,268.99421886446885
17025,29019.82
17026,8780.45
17027,1112.355
17028,6504.07
17029,23750.075
17030,16862.41
17031,87.565
17032,19921.78
17033,337.51
17034,3484.38
17035,5968.62
17036,655.465
17037,13123.535
17038,17.245
17039,20805.045
17040,3053.15
17041,10586.5
17042,7436.055
17043,2573.0415833333336
17044,4469.815317460318
17045,4833.310039682539
17046,6136.36
17047,6121.66
17048,235.74488095238095
17049,77.395
17050,7796.585
17051,79866.265
17052,1061.62
17053,790.2657449494949
17054,401.3607773060274
17055,411.78761063936065
17056,6229.795
17057,1439.745
17058,9177.315
17059,13210.2
17060,276.84713553113556
17061,29006.5
17062,8766.88
17063,1122.09
17064,6490.925
17065,23619.545
17066,16869.825
17067,87.28
17068,20035.245
17069,338.92
17070,3480.075
17071,5946.79
17072,659.285
17073,13161.285
17074,17.23
17075,20254.84
17076,3059.795
17077,10610.97
17078,7405.485
17079,2590.3815833333338
17080,4475.947817460317
17081,4829.855039682539
17082,6138.645
17083,6139.96
17084,237.05288095238095
17085,77.63
17086,7935.485
17087,79937.765
17088,1072.875
17089,792.1104949494949
17090,405.29700457875464
17091,415.7581957552252
17092,6335.86
17093,1435.81
17094,9184.02
17095,13208.445
17096,282.61213553113555
17097,28966.195
17098,8790.265
17099,1125.24
17100,6502.835
17101,23671.76
17102,16581.4
17103,87.195
17104,20035.245
17105,337.685
17106,3433.185
17107,5980.26
17108,655.825
17109,13134.03
17110,17.23
17111,20806.765
17112,3053.15
17113,10611.99
17114,7393.555
17115,2570.7415833333334
17116,4472.7878174603175
17117,4828.955039682539
17118,6142.485
17119,6152.31
17120,240.62996428571427
17121,77.58
17122,7673.875
17123,79937.765
17124,1080.635
17125,807.0782222222223
17126,401.3754231393606
17127,411.0209143699438
17128,6161.07
17129,1435.81
17130,9180.905
17131,13208.4
17132,285.18858791208794
17133,28989.105
17134,8738.605
17135,1142.79
17136,6504.365
17137,23671.76
17138,16778.615
17139,87.565
17140,20183.315
17141,343.385
17142,3415.635
17143,5968.62
17144,655.41
17145,13161.285
17146,17.245
17147,20827.73
17148,3052.78
17149,10611.99
17150,7408.32
17151,2598.838583333333
17152,4469.750317460317
17153,4826.237539682539
17154,6108.685
17155,6121.66
17156,237.05288095238095
17157,77.535
17158,7784.315
17159,80229.805
17160,1099.795
17161,817.1232222222222
17162,412.44597537472845
17163,411.5384143699438
17164,6229.795
17165,1445.01
17166,9185.375
17167,13208.445
17168,297.1589212454212
17169,28898.595
17170,8789.275
17171,1145.105
17172,6497.635
17173,23645.6
17174,16795.835
17175,87.325
17176,19923.395
17177,344.16
17178,3453.535
17179,6012.14
17180,656.835
17181,13196.965
17182,17.245
17183,20601.085
17184,3054.055
17185,10576.16
17186,7455.8
17187,2570.6565833333334
17188,4469.202817460317
17189,4833.263373015873
17190,6139.96
17191,6121.66
17192,239.26288095238095
17193,77.79
17194,7707.225
17195,80094.355
17196,1104.15
17197,829.9035
17198,419.348475915854
17199,421.3795702140996
17200,6152.5
17201,1441.51
17202,9186.375
17203,13163.775
17204,293.82225457875455
17205,28990.99
17206,8792.75
17207,1150.5
17208,6489.6
17209,23699.71
17210,16915.18
17211,87.565
17212,19921.885
17213,345.43
17214,3478.42
17215,5983.3
17216,657.555
17217,13159.305
17218,17.255
17219,20790.195
17220,3052.605
17221,10586.5
17222,7391.205
17223,2573.74325
17224,4470.517817460317
17225,4833.263373015873
17226,6139.96
17227,6121.66
17228,245.54716666666667
17229,77.78
17230,7658.715
17231,79866.265
17232,1280.695
17233,849.8185000000001
17234,423.21965742732493
17235,419.22957021409957
17236,6229.795
17237,1446.44
17238,9189.44
17239,13210.625
17240,291.6455879120879
17241,28905.27
17242,8793.13
17243,1156.02
17244,6513.54
17245,23723.455
17246,16483.92
17247,87.835
17248,19921.885
17249,345.82
17250,3452.765
17251,5984.01
17252,655.975
17253,13161.285
17254,17.245
17255,20327.75
17256,3053.035
17257,10573.835
17258,7439.925
17259,2605.1952499999998
17260,4472.165317460317
17261,4829.7125396825395
17262,6121.66
17263,6108.685
17264,245.4655
17265,77.77
17266,7754.59
17267,79866.265
17268,1324.745
17269,840.4185000000001
17270,428.14912766542017
17271,420.23227854743294
17272,6229.795
17273,1445.01
17274,9182.18
17275,13200.15
17276,292.4632773060273
17277,29012.56
17278,8792.715
17279,1159.0
17280,6521.635
17281,23628.515
17282,16707.055
17283,87.865
17284,20198.925
17285,348.685
17286,3419.25
17287,5972.51
17288,650.875
17289,13138.44
17290,17.245
17291,20791.915
17292,3056.81
17293,10610.97
17294,7476.745
17295,2620.31625
17296,4470.550317460317
17297,4829.242539682539
17298,6108.685
17299,6121.66
17300,242.03496428571427
17301,77.77
17302,7797.07
17303,79866.265
17304,1400.945
17305,850.0435000000001
17306,447.35334683727245
17307,420.58594521409964
17308,6229.36
17309,1439.745
17310,9184.27
17311,13204.225
17312,295.38827730602725
17313,28992.395
17314,8796.23
17315,1173.375
17316,6515.58
17317,23734.165
17318,16886.8
17319,87.585
17320,19925.18
17321,350.545
17322,3413.56
17323,5983.665
17324,649.985
17325,13161.285
17326,17.23
17327,20843.58
17328,3057.945
17329,10598.8
17330,7436.055
17331,2611.57825
17332,4466.140317460317
17333,4832.070039682539
17334,6121.66
17335,6138.645
17336,239.43321428571429
17337,77.715
17338,7707.225
17339,79937.765
17340,1452.37
17341,849.9235000000001
17342,455.4480238915263
17343,420.6009452140996
17344,6228.355
17345,1439.005
17346,9185.2
17347,13203.06
17348,295.81577730602726
17349,28990.99
17350,8772.64
17351,1174.605
17352,6508.945
17353,23625.62
17354,16869.01
17355,87.375
17356,19978.495
17357,351.95
17358,3385.87
17359,6014.06
17360,654.375
17361,13129.815
17362,17.23
17363,20791.915
17364,3055.25
17365,10610.415
17366,7393.555
17367,2593.08625
17368,4471.970317460317
17369,4824.636111111111
17370,6150.79
17371,6108.685
17372,247.64216666666667
17373,77.81
17374,7792.555
17375,79866.265
17376,1468.035
17377,857.4779999999998
17378,457.3411349327939
17379,427.04471585213025
17380,6170.91
17381,1439.145
17382,9188.145
17383,13211.22
17384,302.5115273060273
17385,29046.905
17386,8808.325
17387,1176.435
17388,6516.345
17389,23738.8
17390,16817.595
17391,87.46
17392,19968.815
17393,357.395
17394,3405.285
17395,6014.06
17396,654.22
17397,13140.39
17398,17.245
17399,20802.76
17400,3052.835
17401,10587.45
17402,7393.555
17403,2604.00125
17404,4471.200317460317
17405,4831.717539682539
17406,6137.17
17407,6137.485
17408,238.46288095238094
17409,77.75
17410,7746.535
17411,79866.265
17412,1495.12
17413,848.9583333333335
17414,459.9177645510836
17415,420.3399600589039
17416,6231.535
17417,1453.455
17418,9185.745
17419,13199.815
17420,302.4259404761905
17421,28947.455
17422,8809.75
17423,1195.83
17424,6517.655
17425,23719.81
17426,16653.135
17427,86.79
17428,20042.77
17429,359.45
17430,3395.915
17431,6032.46
17432,656.375
17433,13134.695
17434,17.245
17435,20498.03
17436,3053.12
17437,10587.45
17438,7408.32
17439,2607.68125
17440,4475.942817460317
17441,4829.855039682539
17442,6155.69
17443,6108.685
17444,237.96288095238094
17445,77.745
17446,7755.025
17447,79866.265
17448,1537.315
17449,860.4019999999999
17450,461.58531228070177
17451,422.4624600589039
17452,6179.435
17453,1464.465
17454,9182.7
17455,13213.385
17456,302.23286063936064
17457,28992.695
17458,8791.335
17459,1196.965
17460,6508.945
17461,23699.71
17462,16788.045
17463,87.46
17464,19962.975
17465,361.435
17466,3382.955
17467,6062.48
17468,653.635
17469,13126.02
17470,17.33
17471,20872.455
17472,3058.895
17473,10613.895
17474,7431.095
17475,2612.8782499999998
17476,4471.102817460317
17477,4829.335039682539
17478,6152.31
17479,6154.345
17480,238.06788095238096
17481,78.2
17482,7707.225
17483,80229.805
17484,1546.855
17485,864.102
17486,462.0769789473685
17487,422.6191267255706
17488,6380.53
17489,1453.84
17490,9188.485
17491,13210.355
17492,315.2557738095238
17493,28998.795
17494,8821.86
17495,1199.86
17496,6513.37
17497,23757.94
17498,16946.075
17499,87.335
17500,20082.955
17501,361.435
17502,3409.41
17503,6032.46
17504,655.975
17505,13122.655
17506,17.315
17507,20248.0
17508,3054.985
17509,10622.405
17510,7455.8
17511,2587.70625
17512,4475.570317460317
17513,4824.636111111111
17514,6139.03
17515,6139.96
17516,238.61488095238096
17517,77.955
17518,7756.99
17519,79866.265
17520,1553.67
17521,865.9544999999999
17522,472.4075000000001
17523,425.17462672557065
17524,6229.795
17525,1467.075
17526,9188.485
17527,13203.06
17528,304.23186063936066
17529,28988.06
17530,8814.94
17531,1205.485
17532,6517.79
17533,23625.62
17534,16830.405
17535,87.07
17536,20073.275
17537,379.545
17538,3391.33
17539,6082.92
17540,651.185
17541,13126.02
17542,17.315
17543,20546.02
17544,3056.065
17545,10622.405
17546,7403.135
17547,2583.11125
17548,4478.542817460318
17549,4833.182539682539
17550,6108.685
17551,6108.685
17552,237.96288095238094
17553,78.085
17554,7746.535
17555,80229.805
17556,1575.17
17557,860.5825
17558,480.79750000000007
17559,423.53672196366585
17560,6335.86
17561,1467.075
17562,9161.4
17563,13210.625
17564,312.369693972694
17565,29046.905
17566,8791.335
17567,1216.09
17568,6522.87
17569,23723.455
17570,16830.405
17571,87.615
17572,20339.945
17573,401.89
17574,3334.185
17575,6033.15
17576,655.535
17577,13123.535
17578,17.315
17579,20812.82
17580,3055.025
17581,10591.545
17582,7408.32
17583,2583.11125
17584,4472.7478174603175
17585,4837.250039682539
17586,6139.96
17587,6142.485
17588,239.44321428571428
17589,78.02
17590,7755.025
17591,79866.265
17592,1583.9
17593,869.3416666666667
17594,597.1333333333333
17595,424.47859696366584
17596,5663.04
17597,1494.53
17598,9188.915
17599,13204.95
17600,315.6400898060273
17601,28998.795
17602,8790.895
17603,1230.98
17604,6522.87
17605,23779.32
17606,16954.085
17607,86.985
17608,20186.84
17609,408.455
17610,3341.67
17611,6050.035
17612,654.22
17613,13196.965
17614,17.315
17615,20587.92
17616,3058.575
17617,10591.49
17618,7408.32
17619,2583.11125
17620,4471.970317460317
17621,4838.957539682539
17622,6139.96
17623,6137.17
17624,237.60788095238095
17625,78.245
17626,7935.485
17627,80255.245
17628,1583.08
17629,878.757
17630,642.2528333333333
17631,428.23701904158787
17632,6141.05
17633,1491.41
17634,9189.905
17635,13210.625
17636,318.3489231393606
17637,29003.62
17638,8837.675
17639,1254.85
17640,6513.37
17641,23713.245
17642,16870.94
17643,87.355
17644,20207.46
17645,412.94
17646,3547.625
17647,6056.39
17648,658.92
17649,13140.735
17650,17.33
17651,20327.75
17652,3054.425
17653,10613.895
17654,7449.92
17655,2589.06125
17656,4475.085317460317
17657,4836.550039682539
17658,6108.685
17659,6121.66
17660,237.96288095238094
17661,78.02
17662,7795.33
17663,80130.32
17664,1583.69
17665,888.3216666666667
17666,650.9028333333333
17667,428.7603523749212
17668,6130.41
17669,1490.54
17670,9192.19
17671,13202.685
17672,323.5447184824979
17673,29030.35
17674,8833.875
17675,1253.21
17676,6525.82
17677,23628.515
17678,16942.95
17679,87.15
17680,20426.785
17681,416.785
17682,3554.375
17683,6032.52
17684,650.875
17685,13167.4
17686,17.33
17687,20789.395
17688,3056.4
17689,10591.545
17690,7432.49
17691,2588.53125
17692,4487.6853174603175
17693,4833.0875396825395
17694,6139.03
17695,6142.485
17696,237.60788095238095
17697,78.025
17698,7756.99
17699,79866.265
17700,1590.225
17701,879.835
17702,652.4898690476191
17703,425.8767368446182
17704,6102.465
17705,1490.84
17706,9189.485
17707,13202.75
17708,323.4471643699437
17709,28997.52
17710,8833.505
17711,1251.105
17712,6521.635
17713,23628.515
17714,16906.43
17715,86.885
17716,20126.575
17717,418.025
17718,3506.015
17719,6055.405
17720,653.12
17721,13176.515
17722,17.315
17723,20820.305
17724,3067.345
17725,10622.405
17726,7405.485
17727,2620.53625
17728,4488.1228174603175
17729,4829.727539682539
17730,6137.485
17731,6107.625
17732,239.40571428571428
17733,78.025
17734,7796.585
17735,80094.355
17736,1595.07
17737,922.3666666666667
17738,668.7443888888889
17739,430.28229582730216
17740,6229.36
17741,1510.31
17742,9161.645
17743,13214.37
17744,336.2683202140997
17745,29003.62
17746,8839.095
17747,1250.76
17748,6508.945
17749,23645.6
17750,16886.39
17751,86.885
17752,20126.575
17753,421.885
17754,3554.375
17755,6045.77
17756,656.21
17757,13130.59
17758,17.33
17759,20804.935
17760,3069.435
17761,10587.45
17762,7391.205
17763,2614.05325
17764,4494.1228174603175
17765,4910.132539682539
17766,6154.345
17767,6107.625
17768,238.64288095238095
17769,78.02
17770,7784.315
17771,80060.69
17772,1592.47
17773,951.1216666666667
17774,668.0501031746031
17775,433.0661594636658
17776,6179.435
17777,1507.705
17778,9184.315
17779,13204.225
17780,328.9443618807663
17781,29001.36
17782,8843.67
17783,1261.48
17784,6513.37
17785,23738.8
17786,16732.96
17787,86.8
17788,20402.67
17789,424.065
17790,3444.01
17791,6064.125
17792,649.985
17793,13176.515
17794,17.315
17795,20327.75
17796,3067.195
17797,10587.45
17798,7411.06
17799,2588.44625
17800,4489.605317460318
17801,4913.828373015873
17802,6137.17
17803,6137.17
17804,235.97038095238094
17805,79.525
17806,7756.99
17807,79866.21
17808,1600.305
17809,958.0366666666667
17810,671.0366201814061
17811,437.09789265694315
17812,6229.795
17813,1507.57
17814,9184.465
17815,13220.54
17816,329.9593618807663
17817,29003.62
17818,8836.325
17819,1263.63
17820,6522.87
17821,23645.6
17822,16922.86
17823,87.4
17824,20300.435
17825,426.955
17826,3485.935
17827,6033.63
17828,656.575
17829,13178.27
17830,17.315
17831,20790.195
17832,3068.175
17833,10605.595
17834,7462.845
17835,2620.53625
17836,4488.1228174603175
17837,4905.52611111111
17838,6137.485
17839,6505.095
17840,237.01788095238095
17841,79.46
17842,7746.535
17843,79849.485
17844,1600.785
17845,967.845
17846,675.897977324263
17847,440.50586554028
17848,6229.36
17849,1508.975
17850,9189.295
17851,13220.54
17852,333.5842100589039
17853,28915.445
17854,8836.325
17855,1280.235
17856,6514.135
17857,23699.71
17858,16910.75
17859,87.4
17860,20190.935
17861,435.285
17862,3460.345
17863,6083.275
17864,649.985
17865,13161.63
17866,17.315
17867,20327.75
17868,3076.205
17869,10634.885
17870,7391.205
17871,2618.96825
17872,4483.955317460317
17873,4912.847539682539
17874,6151.38
17875,6503.235
17876,244.11121428571425
17877,79.555
17878,7707.225
17879,79866.21
17880,1607.57
17881,961.545
17882,692.9663938338495
17883,445.9967447069467
17884,6098.275
17885,1509.93
17886,9188.015
17887,13202.75
17888,334.8518052969992
17889,29060.1
17890,8853.03
17891,1281.095
17892,6508.04
17893,23645.6
17894,16908.005
17895,87.13
17896,20157.015
17897,461.13
17898,3485.935
17899,6085.305
17900,656.375
17901,13124.31
17902,17.33
17903,20583.435
17904,3071.74
17905,10593.11
17906,7411.06
17907,2622.82125
17908,4488.1228174603175
17909,4913.218539682539
17910,6139.96
17911,6505.095
17912,235.94038095238093
17913,79.375
17914,7796.585
17915,79866.88
17916,1607.3
17917,968.925
17918,692.184310500516
17919,446.42824470694666
17920,6216.655
17921,1524.35
17922,9162.54
17923,13220.54
17924,337.7746326779516
17925,29002.19
17926,8846.01
17927,1296.13
17928,6525.82
17929,23723.455
17930,16890.71
17931,86.955
17932,20157.015
17933,456.595
17934,3513.755
17935,6055.04
17936,653.12
17937,13127.48
17938,17.315
17939,20498.03
17940,3069.525
17941,10622.405
17942,7393.555
17943,2595.32625
17944,4487.750317460317
17945,4905.8971111111105
17946,6139.96
17947,6475.595
17948,236.12538095238094
17949,79.49
17950,7756.99
17951,79849.485
17952,1613.485
17953,976.27
17954,699.215560500516
17955,446.58767327837523
17956,6179.435
17957,1520.205
17958,9189.76
17959,13209.335
17960,338.03963267795166
17961,29060.1
17962,8849.825
17963,1295.825
17964,6522.87
17965,23723.455
17966,16950.08
17967,87.15
17968,20166.695
17969,464.045
17970,3444.725
17971,6031.72
17972,655.825
17973,13197.31
17974,17.315
17975,20736.425
17976,3042.97
17977,10594.85
17978,7429.235
17979,2590.73125
17980,4487.6853174603175
17981,4912.978539682539
17982,6151.38
17983,6505.095
17984,236.09038095238094
17985,79.545
17986,7754.59
17987,79937.765
17988,1608.7
17989,976.28
17990,706.6945065789473
17991,451.2709321906833
17992,6218.28
17993,1518.595
17994,9189.56
17995,13199.815
17996,337.9351232082546
17997,29011.52
17998,8843.92
17999,1301.995
18000,6522.87
18001,23757.94
18002,16351.835
18003,86.98
18004,20166.695
18005,463.71
18006,3464.815
18007,6032.46
18008,656.575
18009,13138.48
18010,17.315
18011,20249.02
18012,3077.51
18013,10608.69
18014,7462.855
18015,2590.73125
18016,4487.6853174603175
18017,4910.4085396825385
18018,6112.775
18019,6504.71
18020,237.31038095238094
18021,79.48
18022,7796.585
18023,80255.245
18024,1618.24
18025,993.035
18026,726.322036340852
18027,452.02799885735
18028,5748.34
18029,1522.175
18030,9189.76
18031,13198.995
18032,343.44904582730226
18033,29012.23
18034,8854.385
18035,1302.115
18036,6508.365
18037,23723.455
18038,16729.705
18039,87.13
18040,20139.985
18041,469.755
18042,3449.53
18043,6052.715
18044,657.095
18045,13176.515
18046,17.33
18047,20793.58
18048,3069.525
18049,10617.815
18050,7436.975
18051,2648.5132499999995
18052,4487.683888888888
18053,4912.978539682539
18054,6137.485
18055,6475.595
18056,236.45538095238095
18057,79.48
18058,7797.07
18059,79866.265
18060,1622.85
18061,987.595
18062,713.7182936507938
18063,452.6261655240167
18064,6229.36
18065,1515.63
18066,9192.06
18067,13201.89
18068,347.1217731000295
18069,28924.75
18070,8846.765
18071,1303.995
18072,6506.695
18073,23738.8
18074,16683.535
18075,87.48
18076,20177.18
18077,472.41
18078,3458.495
18079,6083.155
18080,657.095
18081,13197.31
18082,17.315
18083,20790.195
18084,3076.48
18085,10629.805
18086,7427.495
18087,2619.82625
18088,4488.1228174603175
18089,4905.8971111111105
18090,6139.03
18091,6518.375
18092,236.51038095238096
18093,79.46
18094,7795.33
18095,79869.015
18096,1622.945
18097,986.825
18098,742.5549603174603
18099,453.3611655240167
18100,6155.175
18101,1518.94
18102,9188.46
18103,13214.68
18104,348.9635062933068
18105,29008.94
18106,8858.64
18107,1304.085
18108,6521.635
18109,23615.05
18110,16952.805
